Student,HS_GPA,Unit_Enrolled,Seminar_Attended,Dropped_out,Age,Gender,Registered_Status,Commuter_Student,Seminar_D,Dropped_Out_Dummy,Gender_Dummy,Registration_Status_Dummy,Commuter_Dummy
1,2.92,6,Yes,No,25,Male,Full-time,Yes,1,0,1,1,1
2,2.64,12,No,No,22,Male,Full-time,No,0,0,1,1,0
3,2.14,8,Yes,No,35,Female,Full-time,No,1,0,0,1,0
4,3.06,9,No,No,25,Female,Full-time,Yes,0,0,0,1,1
5,2.83,8,No,No,23,Male,Full-time,No,0,0,1,1,0
6,3.35,15,Yes,No,23,Male,Part-time,No,1,0,1,0,0
7,3.33,15,No,No,21,Male,Full-time,No,0,0,1,1,0
8,3.16,18,No,No,20,Male,Part-time,No,0,0,1,0,0
9,2.41,8,No,Yes,18,Male,Full-time,Yes,0,1,1,1,1
10,2.51,10,Yes,Yes,19,Female,Full-time,No,1,1,0,1,0
11,3.86,9,No,No,19,Male,Full-time,No,0,0,1,1,0
12,3.12,16,No,No,19,Female,Full-time,No,0,0,0,1,0
13,3.38,7,No,No,18,Male,Part-time,No,0,0,1,0,0
14,2.82,9,No,No,19,Female,Full-time,Yes,0,0,0,1,1
15,3.04,12,Yes,No,18,Female,Full-time,Yes,1,0,0,1,1
16,3.62,7,No,No,19,Female,Part-time,No,0,0,0,0,0
17,2.74,13,No,No,19,Male,Part-time,No,0,0,1,0,0
18,2.02,12,Yes,Yes,39,Female,Part-time,No,1,1,0,0,0
19,2.56,15,Yes,No,18,Female,Part-time,No,1,0,0,0,0
20,3.48,11,No,No,18,Male,Part-time,Yes,0,0,1,0,1
21,2.64,7,No,No,18,Male,Part-time,No,0,0,1,0,0
22,2.63,10,No,No,19,Female,Full-time,Yes,0,0,0,1,1
23,2.11,8,No,Yes,18,Female,Full-time,No,0,1,0,1,0
24,3.03,16,No,No,18,Female,Full-time,No,0,0,0,1,0
25,2.33,8,Yes,Yes,18,Male,Full-time,No,1,1,1,1,0
26,2.93,6,No,No,19,Male,Part-time,No,0,0,1,0,0
27,2.94,18,No,Yes,18,Male,Full-time,No,0,1,1,1,0
28,3.81,18,No,No,19,Male,Full-time,Yes,0,0,1,1,1
29,3.54,12,No,Yes,18,Male,Full-time,No,0,1,1,1,0
30,2.58,13,Yes,Yes,19,Male,Full-time,No,1,1,1,1,0
31,2.79,12,Yes,Yes,20,Male,Full-time,No,1,1,1,1,0
32,2.75,17,No,No,19,Male,Full-time,No,0,0,1,1,0
33,2.53,13,Yes,Yes,20,Female,Full-time,No,1,1,0,1,0
34,2.78,11,No,No,21,Female,Full-time,No,0,0,0,1,0
35,3.08,14,No,No,19,Male,Full-time,No,0,0,1,1,0
36,3.23,15,Yes,No,29,Male,Full-time,No,1,0,1,1,0
37,3.17,10,No,No,19,Male,Full-time,Yes,0,0,1,1,1
38,2.48,12,Yes,No,20,Male,Full-time,No,1,0,1,1,0
39,3.27,10,No,No,20,Female,Full-time,No,0,0,0,1,0
40,2.57,12,No,No,20,Male,Part-time,Yes,0,0,1,0,1
41,3.64,13,No,No,24,Female,Part-time,No,0,0,0,0,0
42,3.03,14,Yes,No,32,Female,Part-time,No,1,0,0,0,0
43,2.77,13,No,No,19,Male,Part-time,No,0,0,1,0,0
44,2.85,15,Yes,No,25,Female,Part-time,Yes,1,0,0,0,1
45,2.91,17,No,No,21,Male,Part-time,No,0,0,1,0,0
46,2.93,9,No,No,18,Female,Part-time,Yes,0,0,0,0,1
47,3.17,12,Yes,No,25,Female,Full-time,Yes,1,0,0,1,1
48,3.45,9,Yes,No,40,Female,Full-time,Yes,1,0,0,1,1
49,2.64,16,No,No,19,Male,Part-time,Yes,0,0,1,0,1
50,3.02,18,No,No,19,Female,Full-time,No,0,0,0,1,0
51,2.91,16,No,Yes,19,Female,Part-time,Yes,0,1,0,0,1
52,3.31,17,No,No,18,Female,Part-time,Yes,0,0,0,0,1
53,2.7,15,Yes,Yes,19,Female,Part-time,No,1,1,0,0,0
54,3.24,6,Yes,No,34,Female,Part-time,No,1,0,0,0,0
55,3.08,13,No,No,19,Male,Full-time,No,0,0,1,1,0
56,3.12,13,No,No,34,Female,Full-time,No,0,0,0,1,0
57,2.59,13,Yes,Yes,27,Male,Part-time,Yes,1,1,1,0,1
58,2.86,9,No,No,19,Female,Part-time,No,0,0,0,0,0
59,2.72,16,No,No,19,Male,Part-time,Yes,0,0,1,0,1
60,3.78,8,Yes,No,19,Female,Part-time,Yes,1,0,0,0,1
61,3.4,12,No,No,19,Female,Full-time,No,0,0,0,1,0
62,3.46,11,Yes,No,19,Female,Full-time,No,1,0,0,1,0
63,2.77,14,Yes,No,20,Female,Full-time,No,1,0,0,1,0
64,2.11,13,Yes,No,36,Female,Full-time,Yes,1,0,0,1,1
65,2.86,14,Yes,Yes,19,Female,Full-time,No,1,1,0,1,0
66,2.33,10,No,No,22,Male,Full-time,No,0,0,1,1,0
67,3.64,12,No,No,19,Female,Full-time,No,0,0,0,1,0
68,3.07,14,Yes,No,19,Female,Full-time,No,1,0,0,1,0
69,3.23,12,No,No,19,Male,Full-time,No,0,0,1,1,0
70,2.63,12,No,No,18,Male,Full-time,No,0,0,1,1,0
71,2.41,7,No,No,20,Female,Part-time,No,0,0,0,0,0
72,3.58,13,No,No,19,Male,Full-time,No,0,0,1,1,0
73,3.42,5,Yes,No,22,Female,Part-time,No,1,0,0,0,0
74,2.69,15,No,No,21,Female,Full-time,Yes,0,0,0,1,1
75,2.99,11,Yes,No,20,Male,Full-time,No,1,0,1,1,0
76,3.23,11,Yes,No,19,Male,Full-time,No,1,0,1,1,0
77,2.63,9,No,No,19,Female,Full-time,Yes,0,0,0,1,1
78,3.79,11,No,No,28,Male,Full-time,No,0,0,1,1,0
79,2.17,6,Yes,Yes,19,Male,Part-time,No,1,1,1,0,0
80,2.68,12,Yes,Yes,19,Male,Full-time,No,1,1,1,1,0
81,3.37,18,No,No,19,Male,Full-time,No,0,0,1,1,0
82,3.31,11,No,No,19,Male,Full-time,No,0,0,1,1,0
83,2.93,18,No,No,19,Female,Part-time,No,0,0,0,0,0
84,2.93,12,No,No,19,Female,Part-time,No,0,0,0,0,0
85,2.17,16,Yes,Yes,19,Male,Full-time,Yes,1,1,1,1,1
86,2.26,9,Yes,Yes,20,Male,Full-time,No,1,1,1,1,0
87,2.79,6,No,No,20,Male,Part-time,Yes,0,0,1,0,1
88,2.25,16,No,No,19,Male,Full-time,No,0,0,1,1,0
89,2.47,18,No,Yes,19,Male,Full-time,No,0,1,1,1,0
90,2.88,14,Yes,Yes,20,Male,Full-time,No,1,1,1,1,0
91,2.79,17,No,Yes,18,Female,Full-time,No,0,1,0,1,0
92,3.19,12,No,No,20,Male,Full-time,No,0,0,1,1,0
93,2.66,13,Yes,No,19,Female,Full-time,No,1,0,0,1,0
94,2.19,8,No,No,19,Female,Full-time,No,0,0,0,1,0
95,2.13,11,No,Yes,21,Male,Full-time,Yes,0,1,1,1,1
96,3.15,14,No,No,23,Male,Full-time,No,0,0,1,1,0
97,2.41,6,No,Yes,22,Female,Part-time,Yes,0,1,0,0,1
98,2.84,5,No,No,19,Female,Part-time,No,0,0,0,0,0
99,2.85,12,No,Yes,18,Female,Full-time,No,0,1,0,1,0
100,3.03,16,No,No,18,Male,Full-time,No,0,0,1,1,0
101,3.17,7,Yes,No,22,Female,Part-time,No,1,0,0,0,0
102,2.57,8,No,No,19,Male,Full-time,No,0,0,1,1,0
103,3.01,7,Yes,No,19,Female,Part-time,Yes,1,0,0,0,1
104,3.01,7,No,No,19,Female,Part-time,No,0,0,0,0,0
105,2.81,8,No,No,19,Female,Part-time,No,0,0,0,0,0
106,2.82,6,No,No,19,Female,Part-time,Yes,0,0,0,0,1
107,3.02,13,No,No,19,Female,Part-time,No,0,0,0,0,0
108,2.46,9,No,No,19,Female,Part-time,No,0,0,0,0,0
109,2.63,7,No,No,19,Male,Part-time,No,0,0,1,0,0
110,2.96,8,No,No,20,Male,Full-time,Yes,0,0,1,1,1
111,2.57,7,Yes,Yes,19,Female,Part-time,No,1,1,0,0,0
112,2.24,14,No,No,19,Female,Full-time,No,0,0,0,1,0
113,2.62,17,Yes,No,19,Male,Full-time,Yes,1,0,1,1,1
114,3.59,14,No,No,20,Female,Full-time,Yes,0,0,0,1,1
115,3.53,16,No,No,20,Male,Full-time,No,0,0,1,1,0
116,2.14,3,No,No,20,Female,Part-time,No,0,0,0,0,0
117,2.9,15,No,No,22,Female,Part-time,No,0,0,0,0,0
118,3.78,4,No,No,20,Male,Part-time,No,0,0,1,0,0
119,2.92,13,Yes,No,19,Female,Part-time,No,1,0,0,0,0
120,2.17,10,No,Yes,18,Male,Part-time,No,0,1,1,0,0
121,2.41,6,No,No,19,Female,Part-time,No,0,0,0,0,0
122,2.68,13,Yes,No,20,Male,Full-time,No,1,0,1,1,0
123,2.19,18,Yes,Yes,19,Male,Full-time,No,1,1,1,1,0
124,2.46,16,No,No,20,Female,Full-time,No,0,0,0,1,0
125,3.1,14,Yes,No,38,Male,Full-time,Yes,1,0,1,1,1
126,2.82,17,Yes,Yes,18,Male,Full-time,No,1,1,1,1,0
127,2.29,12,No,No,19,Male,Full-time,Yes,0,0,1,1,1
128,2.72,13,No,No,18,Female,Full-time,No,0,0,0,1,0
129,2.1,7,Yes,Yes,18,Male,Part-time,No,1,1,1,0,0
130,2.54,14,Yes,No,19,Female,Full-time,Yes,1,0,0,1,1
131,2.7,11,Yes,No,33,Male,Part-time,No,1,0,1,0,0
132,3.48,15,No,No,25,Female,Part-time,No,0,0,0,0,0
133,2.77,13,No,No,20,Female,Part-time,Yes,0,0,0,0,1
134,2.67,13,No,No,20,Male,Part-time,No,0,0,1,0,0
135,2.21,16,No,No,20,Male,Part-time,No,0,0,1,0,0
136,2.61,9,No,No,18,Female,Part-time,No,0,0,0,0,0
137,3.42,18,No,Yes,19,Male,Part-time,No,0,1,1,0,0
138,3.47,13,No,No,19,Female,Part-time,No,0,0,0,0,0
139,2.49,17,No,No,19,Female,Part-time,Yes,0,0,0,0,1
140,2.62,11,No,No,19,Male,Full-time,No,0,0,1,1,0
141,2.27,10,Yes,No,19,Male,Full-time,Yes,1,0,1,1,1
142,2.64,17,No,Yes,19,Male,Full-time,No,0,1,1,1,0
143,2.6,18,No,Yes,19,Female,Full-time,No,0,1,0,1,0
144,2.31,12,No,No,19,Male,Full-time,No,0,0,1,1,0
145,3.0,11,No,No,20,Female,Full-time,No,0,0,0,1,0
146,2.48,12,Yes,Yes,19,Male,Full-time,No,1,1,1,1,0
147,3.65,17,No,No,18,Male,Full-time,No,0,0,1,1,0
148,2.01,17,No,No,19,Female,Full-time,No,0,0,0,1,0
149,3.67,14,No,No,20,Female,Full-time,No,0,0,0,1,0
150,2.32,10,No,No,27,Female,Full-time,Yes,0,0,0,1,1
151,2.94,14,No,Yes,20,Male,Full-time,No,0,1,1,1,0
152,3.42,13,Yes,No,28,Female,Full-time,No,1,0,0,1,0
153,3.87,12,No,No,20,Female,Full-time,Yes,0,0,0,1,1
154,2.71,14,Yes,No,28,Male,Full-time,No,1,0,1,1,0
155,3.9,13,No,No,19,Female,Full-time,Yes,0,0,0,1,1
156,2.79,13,No,Yes,18,Female,Part-time,Yes,0,1,0,0,1
157,2.19,10,Yes,No,18,Male,Full-time,No,1,0,1,1,0
158,3.01,16,No,No,18,Male,Full-time,No,0,0,1,1,0
159,3.29,17,No,No,18,Male,Full-time,No,0,0,1,1,0
160,2.41,12,No,No,19,Female,Full-time,Yes,0,0,0,1,1
161,3.46,16,No,No,19,Female,Full-time,Yes,0,0,0,1,1
162,2.58,13,No,No,19,Female,Part-time,No,0,0,0,0,0
163,2.48,18,No,No,18,Female,Part-time,No,0,0,0,0,0
164,2.64,11,No,No,18,Female,Part-time,Yes,0,0,0,0,1
165,2.59,17,No,Yes,18,Male,Part-time,No,0,1,1,0,0
166,2.16,18,Yes,No,18,Female,Part-time,No,1,0,0,0,0
167,3.48,17,No,No,22,Female,Full-time,No,0,0,0,1,0
168,2.94,14,No,No,18,Female,Full-time,Yes,0,0,0,1,1
169,2.92,13,Yes,No,20,Male,Full-time,No,1,0,1,1,0
170,3.41,18,No,No,19,Male,Part-time,No,0,0,1,0,0
171,3.64,11,Yes,No,20,Female,Full-time,No,1,0,0,1,0
172,2.73,18,Yes,Yes,18,Male,Full-time,Yes,1,1,1,1,1
173,3.06,8,No,No,19,Female,Full-time,No,0,0,0,1,0
174,3.03,18,No,No,23,Male,Full-time,Yes,0,0,1,1,1
175,2.28,13,No,No,18,Female,Full-time,No,0,0,0,1,0
176,2.72,16,Yes,No,18,Male,Full-time,Yes,1,0,1,1,1
177,2.85,8,Yes,No,19,Male,Full-time,No,1,0,1,1,0
178,3.42,7,No,No,19,Male,Part-time,Yes,0,0,1,0,1
179,2.16,15,Yes,Yes,19,Female,Full-time,No,1,1,0,1,0
180,2.88,10,Yes,No,19,Female,Full-time,Yes,1,0,0,1,1
181,2.1,15,No,No,25,Male,Full-time,No,0,0,1,1,0
182,2.94,11,No,No,20,Male,Full-time,No,0,0,1,1,0
183,2.66,14,No,No,19,Male,Full-time,No,0,0,1,1,0
184,2.44,14,Yes,No,19,Male,Full-time,No,1,0,1,1,0
185,2.18,13,Yes,Yes,19,Male,Full-time,No,1,1,1,1,0
186,2.69,13,No,Yes,19,Male,Full-time,No,0,1,1,1,0
187,2.93,15,No,No,19,Male,Part-time,No,0,0,1,0,0
188,2.64,17,Yes,No,19,Female,Part-time,No,1,0,0,0,0
189,2.6,18,No,Yes,19,Male,Full-time,Yes,0,1,1,1,1
190,2.31,12,Yes,No,19,Female,Full-time,No,1,0,0,1,0
191,3.0,11,No,No,18,Male,Full-time,No,0,0,1,1,0
192,2.48,12,Yes,No,18,Male,Full-time,No,1,0,1,1,0
193,3.65,17,No,No,19,Male,Full-time,Yes,0,0,1,1,1
194,2.01,17,Yes,No,18,Male,Full-time,Yes,1,0,1,1,1
195,3.67,14,No,No,19,Female,Full-time,Yes,0,0,0,1,1
196,2.32,10,Yes,No,19,Male,Full-time,No,1,0,1,1,0
197,2.94,14,No,Yes,20,Female,Full-time,Yes,0,1,0,1,1
198,3.42,13,No,No,19,Female,Full-time,No,0,0,0,1,0
199,3.87,12,No,No,18,Female,Full-time,Yes,0,0,0,1,1
200,2.71,14,No,No,19,Female,Full-time,No,0,0,0,1,0
201,3.9,13,No,No,19,Female,Full-time,Yes,0,0,0,1,1
202,2.79,13,No,No,19,Female,Full-time,No,0,0,0,1,0
203,2.19,10,No,No,19,Male,Part-time,No,0,0,1,0,0
204,3.01,16,No,No,19,Female,Part-time,Yes,0,0,0,0,1
205,3.29,17,Yes,No,20,Male,Part-time,No,1,0,1,0,0
206,2.41,12,No,Yes,21,Female,Part-time,No,0,1,0,0,0
207,3.46,16,No,No,21,Female,Full-time,No,0,0,0,1,0
208,2.58,13,No,No,31,Male,Full-time,Yes,0,0,1,1,1
209,2.48,18,Yes,No,21,Female,Full-time,No,1,0,0,1,0
210,2.64,6,Yes,No,18,Male,Part-time,Yes,1,0,1,0,1
211,2.59,17,Yes,No,19,Male,Full-time,No,1,0,1,1,0
212,2.16,18,No,No,21,Male,Full-time,No,0,0,1,1,0
213,3.48,17,Yes,No,20,Female,Full-time,No,1,0,0,1,0
214,2.94,14,No,No,18,Male,Full-time,No,0,0,1,1,0
215,2.92,13,Yes,Yes,19,Male,Full-time,No,1,1,1,1,0
216,3.41,18,No,No,21,Male,Full-time,No,0,0,1,1,0
217,3.64,11,Yes,No,19,Male,Full-time,Yes,1,0,1,1,1
218,2.73,18,No,No,20,Female,Full-time,No,0,0,0,1,0
219,3.06,8,No,No,20,Female,Full-time,Yes,0,0,0,1,1
220,3.03,18,Yes,No,21,Male,Full-time,No,1,0,1,1,0
221,2.28,13,No,No,21,Female,Full-time,No,0,0,0,1,0
222,2.72,16,No,No,20,Female,Full-time,Yes,0,0,0,1,1
223,2.85,8,No,No,18,Female,Full-time,No,0,0,0,1,0
224,3.42,7,No,No,19,Female,Part-time,No,0,0,0,0,0
225,2.16,15,Yes,Yes,20,Male,Part-time,Yes,1,1,1,0,1
226,2.88,10,Yes,No,21,Male,Part-time,No,1,0,1,0,0
227,2.1,15,Yes,Yes,19,Female,Part-time,No,1,1,0,0,0
228,2.94,11,No,No,19,Female,Full-time,No,0,0,0,1,0
229,2.66,14,Yes,No,19,Male,Full-time,Yes,1,0,1,1,1
230,3.44,14,No,No,36,Male,Full-time,No,0,0,1,1,0
231,2.18,13,No,No,19,Female,Full-time,No,0,0,0,1,0
232,2.69,13,No,Yes,19,Female,Full-time,Yes,0,1,0,1,1
233,2.93,15,Yes,Yes,19,Male,Full-time,No,1,1,1,1,0
234,2.82,13,No,No,21,Female,Full-time,No,0,0,0,1,0
235,2.97,10,Yes,No,19,Female,Full-time,Yes,1,0,0,1,1
236,2.43,12,No,No,19,Male,Full-time,No,0,0,1,1,0
237,3.69,10,No,No,19,Female,Full-time,Yes,0,0,0,1,1
238,3.21,11,Yes,No,19,Female,Full-time,No,1,0,0,1,0
239,3.05,10,No,Yes,19,Female,Full-time,No,0,1,0,1,0
240,2.66,13,No,Yes,21,Female,Full-time,No,0,1,0,1,0
241,3.25,17,No,No,19,Male,Full-time,Yes,0,0,1,1,1
242,2.82,16,No,No,19,Female,Full-time,No,0,0,0,1,0
243,3.34,13,No,No,20,Female,Full-time,Yes,0,0,0,1,1
244,3.75,9,No,No,19,Male,Full-time,Yes,0,0,1,1,1
245,3.14,7,Yes,No,19,Male,Part-time,Yes,1,0,1,0,1
246,3.46,15,Yes,No,32,Male,Full-time,No,1,0,1,1,0
247,3.39,15,No,No,19,Male,Full-time,No,0,0,1,1,0
248,3.14,9,Yes,No,19,Female,Full-time,No,1,0,0,1,0
249,2.52,9,No,No,19,Female,Full-time,No,0,0,0,1,0
250,3.37,8,No,No,23,Female,Full-time,No,0,0,0,1,0
251,3.67,8,Yes,No,19,Male,Full-time,Yes,1,0,1,1,1
252,3.55,17,No,No,19,Female,Full-time,Yes,0,0,0,1,1
253,3.36,15,Yes,No,21,Male,Full-time,No,1,0,1,1,0
254,2.1,11,No,No,19,Male,Full-time,No,0,0,1,1,0
255,2.47,16,No,No,21,Male,Full-time,No,0,0,1,1,0
256,2.86,12,No,Yes,22,Female,Full-time,No,0,1,0,1,0
257,3.25,6,No,No,23,Female,Part-time,No,0,0,0,0,0
258,2.89,12,No,No,24,Male,Full-time,Yes,0,0,1,1,1
259,2.78,12,Yes,Yes,19,Female,Full-time,Yes,1,1,0,1,1
260,3.21,15,Yes,No,25,Female,Full-time,Yes,1,0,0,1,1
261,2.83,15,Yes,No,40,Male,Full-time,Yes,1,0,1,1,1
262,3.24,10,No,No,27,Female,Full-time,No,0,0,0,1,0
263,2.26,16,No,No,27,Female,Full-time,No,0,0,0,1,0
264,2.89,7,No,No,20,Female,Part-time,No,0,0,0,0,0
265,2.88,17,No,Yes,29,Female,Full-time,No,0,1,0,1,0
266,2.6,14,Yes,Yes,29,Female,Full-time,No,1,1,0,1,0
267,2.24,10,Yes,No,27,Female,Full-time,No,1,0,0,1,0
268,2.74,15,Yes,No,31,Female,Full-time,No,1,0,0,1,0
269,3.14,13,No,No,21,Male,Full-time,Yes,0,0,1,1,1
270,2.71,15,Yes,Yes,27,Female,Full-time,Yes,1,1,0,1,1
271,2.62,14,No,No,26,Female,Full-time,Yes,0,0,0,1,1
272,3.41,7,No,No,36,Female,Part-time,No,0,0,0,0,0
273,2.66,16,No,Yes,37,Female,Part-time,No,0,1,0,0,0
274,2.75,9,Yes,No,27,Male,Part-time,No,1,0,1,0,0
275,2.74,15,Yes,No,37,Female,Part-time,No,1,0,0,0,0
276,3.91,11,Yes,No,30,Male,Part-time,Yes,1,0,1,0,1
277,3.23,17,Yes,Yes,19,Female,Full-time,No,1,1,0,1,0
278,2.53,10,No,No,36,Male,Full-time,Yes,0,0,1,1,1
279,3.05,11,No,No,20,Male,Full-time,No,0,0,1,1,0
280,2.72,10,No,No,19,Female,Full-time,No,0,0,0,1,0
281,2.38,7,Yes,No,18,Female,Part-time,No,1,0,0,0,0
282,2.46,13,No,No,19,Female,Full-time,No,0,0,0,1,0
283,2.59,8,No,No,19,Male,Full-time,No,0,0,1,1,0
284,2.66,13,Yes,No,40,Female,Full-time,No,1,0,0,1,0
285,2.85,12,Yes,No,18,Female,Full-time,No,1,0,0,1,0
286,3.05,9,Yes,No,18,Female,Full-time,No,1,0,0,1,0
287,3.84,17,Yes,No,18,Male,Full-time,No,1,0,1,1,0
288,3.53,8,No,No,19,Female,Full-time,Yes,0,0,0,1,1
289,3.08,7,No,No,19,Male,Part-time,Yes,0,0,1,0,1
290,2.95,14,No,No,19,Male,Full-time,No,0,0,1,1,0
291,2.61,9,No,No,20,Female,Full-time,Yes,0,0,0,1,1
292,2.95,14,Yes,No,20,Female,Full-time,Yes,1,0,0,1,1
293,3.1,14,No,No,18,Female,Full-time,No,0,0,0,1,0
294,2.83,6,Yes,No,18,Female,Part-time,No,1,0,0,0,0
295,3.26,13,No,No,20,Male,Full-time,Yes,0,0,1,1,1
296,3.34,15,No,No,20,Male,Full-time,Yes,0,0,1,1,1
297,3.5,15,No,No,18,Male,Full-time,No,0,0,1,1,0
298,2.35,14,No,Yes,23,Female,Full-time,Yes,0,1,0,1,1
299,3.34,12,No,No,20,Female,Full-time,No,0,0,0,1,0
300,2.16,11,Yes,Yes,24,Female,Part-time,No,1,1,0,0,0
301,2.67,8,No,No,21,Female,Part-time,Yes,0,0,0,0,1
302,2.49,17,No,No,21,Female,Part-time,No,0,0,0,0,0
303,2.86,13,No,Yes,23,Female,Part-time,Yes,0,1,0,0,1
304,3.01,14,Yes,No,23,Male,Full-time,No,1,0,1,1,0
305,2.99,16,Yes,Yes,22,Female,Full-time,No,1,1,0,1,0
306,3.03,18,No,No,21,Female,Full-time,No,0,0,0,1,0
307,3.85,10,Yes,No,22,Female,Full-time,No,1,0,0,1,0
308,2.55,11,Yes,No,19,Male,Full-time,No,1,0,1,1,0
309,2.62,16,No,Yes,22,Female,Full-time,No,0,1,0,1,0
310,2.87,17,No,No,19,Male,Part-time,Yes,0,0,1,0,1
311,2.21,15,No,Yes,20,Female,Full-time,No,0,1,0,1,0
312,2.93,16,No,No,21,Female,Full-time,No,0,0,0,1,0
313,2.67,16,No,Yes,19,Male,Full-time,No,0,1,1,1,0
314,2.38,7,No,Yes,20,Female,Part-time,No,0,1,0,0,0
315,3.35,14,No,No,20,Male,Full-time,No,0,0,1,1,0
316,3.48,9,No,No,21,Female,Full-time,No,0,0,0,1,0
317,2.94,14,Yes,No,19,Female,Full-time,No,1,0,0,1,0
318,2.7,11,No,Yes,19,Female,Full-time,No,0,1,0,1,0
319,2.82,7,Yes,No,21,Female,Part-time,Yes,1,0,0,0,1
320,2.65,11,No,No,21,Female,Full-time,Yes,0,0,0,1,1
321,2.28,11,No,Yes,19,Male,Full-time,No,0,1,1,1,0
322,2.66,12,No,No,18,Female,Full-time,No,0,0,0,1,0
323,2.19,13,Yes,Yes,20,Female,Full-time,No,1,1,0,1,0
324,3.16,16,No,No,19,Male,Full-time,No,0,0,1,1,0
325,3.62,18,No,No,25,Female,Full-time,Yes,0,0,0,1,1
326,2.4,18,Yes,No,19,Female,Part-time,No,1,0,0,0,0
327,3.01,14,Yes,No,26,Female,Part-time,No,1,0,0,0,0
328,2.77,14,No,Yes,23,Female,Part-time,No,0,1,0,0,0
329,3.64,17,No,No,24,Female,Part-time,Yes,0,0,0,0,1
330,3.77,13,Yes,No,28,Female,Full-time,No,1,0,0,1,0
331,2.67,11,No,No,19,Male,Full-time,No,0,0,1,1,0
332,2.4,6,No,No,23,Female,Part-time,No,0,0,0,0,0
333,3.41,18,No,No,27,Female,Full-time,Yes,0,0,0,1,1
334,2.79,15,No,No,26,Male,Full-time,No,0,0,1,1,0
335,3.2,14,Yes,No,30,Female,Part-time,Yes,1,0,0,0,1
336,3.53,12,No,No,21,Female,Full-time,Yes,0,0,0,1,1
337,2.68,15,No,No,19,Female,Full-time,No,0,0,0,1,0
338,3.57,15,No,No,30,Female,Full-time,No,0,0,0,1,0
339,3.17,13,No,No,22,Male,Full-time,No,0,0,1,1,0
340,2.85,12,No,No,27,Female,Full-time,No,0,0,0,1,0
341,3.71,10,No,No,24,Male,Full-time,Yes,0,0,1,1,1
342,3.19,17,No,No,22,Female,Full-time,Yes,0,0,0,1,1
343,2.94,16,No,Yes,27,Male,Full-time,No,0,1,1,1,0
344,2.91,12,No,Yes,20,Male,Full-time,No,0,1,1,1,0
345,2.8,13,No,No,18,Female,Full-time,No,0,0,0,1,0
346,2.89,8,Yes,No,19,Female,Full-time,No,1,0,0,1,0
347,2.32,16,Yes,No,20,Female,Full-time,Yes,1,0,0,1,1
348,2.75,12,No,No,19,Female,Full-time,No,0,0,0,1,0
349,3.3,11,No,No,20,Female,Full-time,No,0,0,0,1,0
350,3.22,12,No,Yes,20,Female,Full-time,Yes,0,1,0,1,1
351,2.08,6,No,No,20,Male,Part-time,No,0,0,1,0,0
352,3.87,18,Yes,No,20,Female,Full-time,Yes,1,0,0,1,1
353,2.16,6,No,No,20,Female,Part-time,No,0,0,0,0,0
354,2.95,14,No,No,20,Male,Part-time,No,0,0,1,0,0
355,2.39,11,No,No,18,Male,Part-time,No,0,0,1,0,0
356,2.75,7,Yes,No,19,Female,Part-time,No,1,0,0,0,0
357,2.17,16,Yes,Yes,30,Male,Full-time,Yes,1,1,1,1,1
358,3.13,12,No,No,20,Male,Full-time,No,0,0,1,1,0
359,2.82,8,No,No,18,Female,Full-time,No,0,0,0,1,0
360,2.68,9,Yes,No,18,Female,Full-time,Yes,1,0,0,1,1
361,2.83,8,No,No,19,Male,Full-time,No,0,0,1,1,0
362,3.14,15,No,Yes,19,Female,Full-time,No,0,1,0,1,0
363,4.0,15,Yes,No,28,Male,Full-time,Yes,1,0,1,1,1
364,3.8,18,Yes,No,29,Female,Full-time,Yes,1,0,0,1,1
365,2.54,8,Yes,No,34,Female,Full-time,No,1,0,0,1,0
366,2.4,10,Yes,No,30,Male,Full-time,No,1,0,1,1,0
367,2.01,9,No,Yes,21,Female,Full-time,No,0,1,0,1,0
368,3.05,16,Yes,Yes,24,Female,Full-time,No,1,1,0,1,0
369,3.16,7,No,No,29,Male,Part-time,No,0,0,1,0,0
370,3.15,9,No,No,20,Female,Full-time,No,0,0,0,1,0
371,2.24,14,No,Yes,23,Female,Full-time,No,0,1,0,1,0
372,3.41,17,No,No,28,Female,Full-time,Yes,0,0,0,1,1
373,2.75,13,Yes,No,21,Female,Full-time,Yes,1,0,0,1,1
374,2.99,12,No,No,30,Female,Full-time,No,0,0,0,1,0
375,3.04,15,No,No,24,Female,Full-time,No,0,0,0,1,0
376,2.1,11,Yes,Yes,24,Female,Full-time,No,1,1,0,1,0
377,2.9,7,No,No,20,Female,Part-time,No,0,0,0,0,0
378,2.72,10,No,No,24,Female,Full-time,No,0,0,0,1,0
379,2.69,8,Yes,No,34,Male,Full-time,No,1,0,1,1,0
380,3.2,16,No,No,26,Male,Full-time,No,0,0,1,1,0
381,2.85,8,No,No,20,Male,Full-time,No,0,0,1,1,0
382,2.46,16,No,No,18,Female,Full-time,No,0,0,0,1,0
383,2.4,13,Yes,No,28,Female,Full-time,No,1,0,0,1,0
384,3.14,18,No,No,19,Female,Full-time,Yes,0,0,0,1,1
385,2.49,12,No,Yes,26,Female,Full-time,No,0,1,0,1,0
386,3.67,13,No,No,19,Male,Full-time,Yes,0,0,1,1,1
387,2.54,12,Yes,No,19,Male,Full-time,No,1,0,1,1,0
388,2.65,7,No,No,18,Female,Part-time,No,0,0,0,0,0
389,3.38,13,No,No,19,Male,Full-time,No,0,0,1,1,0
390,3.16,11,Yes,No,18,Female,Full-time,No,1,0,0,1,0
391,2.77,14,Yes,Yes,18,Male,Full-time,No,1,1,1,1,0
392,3.01,15,No,No,18,Male,Full-time,Yes,0,0,1,1,1
393,3.04,10,No,No,18,Male,Full-time,Yes,0,0,1,1,1
394,2.72,12,No,Yes,18,Female,Full-time,No,0,1,0,1,0
395,3.48,10,No,No,20,Male,Full-time,No,0,0,1,1,0
396,2.6,12,No,No,20,Female,Full-time,No,0,0,0,1,0
397,3.32,13,No,No,19,Male,Full-time,No,0,0,1,1,0
398,2.19,6,Yes,No,18,Male,Part-time,Yes,1,0,1,0,1
399,2.26,10,No,No,25,Female,Part-time,No,0,0,0,0,0
400,2.98,16,Yes,No,19,Female,Part-time,Yes,1,0,0,0,1
401,2.06,8,Yes,Yes,20,Male,Part-time,No,1,1,1,0,0
402,3.26,15,Yes,No,24,Female,Full-time,Yes,1,0,0,1,1
403,3.77,8,No,No,23,Female,Full-time,No,0,0,0,1,0
404,3.6,8,Yes,No,23,Male,Full-time,Yes,1,0,1,1,1
405,2.1,4,Yes,No,22,Male,Part-time,Yes,1,0,1,0,1
406,2.68,14,No,No,24,Male,Full-time,No,0,0,1,1,0
407,2.43,12,No,No,20,Female,Full-time,No,0,0,0,1,0
408,2.03,13,Yes,No,21,Male,Full-time,Yes,1,0,1,1,1
409,2.04,15,Yes,Yes,27,Male,Full-time,No,1,1,1,1,0
410,2.84,6,No,No,20,Male,Part-time,No,0,0,1,0,0
411,2.58,9,Yes,No,43,Male,Full-time,No,1,0,1,1,0
412,3.93,16,No,No,19,Male,Full-time,Yes,0,0,1,1,1
413,2.87,13,No,No,25,Female,Part-time,No,0,0,0,0,0
414,3.88,17,No,No,24,Male,Part-time,Yes,0,0,1,0,1
415,2.62,16,No,Yes,22,Male,Full-time,No,0,1,1,1,0
416,3.04,12,Yes,No,22,Male,Full-time,Yes,1,0,1,1,1
417,3.26,15,Yes,No,20,Male,Full-time,Yes,1,0,1,1,1
418,3.77,6,No,No,19,Male,Part-time,No,0,0,1,0,0
419,3.6,13,Yes,No,19,Male,Full-time,Yes,1,0,1,1,1
420,2.1,13,No,No,18,Male,Full-time,Yes,0,0,1,1,1
421,2.68,13,Yes,Yes,19,Male,Full-time,No,1,1,1,1,0
422,2.43,9,Yes,Yes,20,Female,Full-time,No,1,1,0,1,0
423,2.03,16,Yes,Yes,19,Female,Full-time,No,1,1,0,1,0
424,2.04,18,No,No,19,Male,Full-time,No,0,0,1,1,0
425,2.84,12,No,No,20,Female,Full-time,Yes,0,0,0,1,1
426,2.58,11,No,No,20,Female,Full-time,No,0,0,0,1,0
427,3.93,14,No,No,19,Male,Full-time,Yes,0,0,1,1,1
428,2.87,13,No,No,20,Female,Full-time,Yes,0,0,0,1,1
429,3.88,14,No,Yes,20,Female,Full-time,No,0,1,0,1,0
430,2.62,10,No,No,19,Female,Full-time,No,0,0,0,1,0
431,3.04,12,No,Yes,20,Female,Full-time,No,0,1,0,1,0
432,4.0,18,Yes,No,36,Female,Full-time,No,1,0,0,1,0
433,2.47,12,Yes,No,20,Male,Full-time,No,1,0,1,1,0
434,2.48,12,No,No,19,Male,Full-time,No,0,0,1,1,0
435,3.15,7,Yes,No,19,Male,Part-time,No,1,0,1,0,0
436,3.06,13,No,No,20,Female,Full-time,No,0,0,0,1,0
437,2.61,15,No,No,19,Female,Part-time,No,0,0,0,0,0
438,2.91,15,No,No,20,Male,Full-time,No,0,0,1,1,0
439,3.49,15,No,No,20,Female,Full-time,No,0,0,0,1,0
440,3.45,11,No,No,18,Male,Full-time,No,0,0,1,1,0
441,2.93,18,Yes,Yes,18,Male,Full-time,No,1,1,1,1,0
442,2.22,11,Yes,No,24,Female,Full-time,No,1,0,0,1,0
443,2.51,16,Yes,Yes,26,Female,Full-time,No,1,1,0,1,0
444,3.71,12,No,No,30,Female,Full-time,Yes,0,0,0,1,1
445,2.11,18,No,No,35,Female,Full-time,Yes,0,0,0,1,1
446,2.87,11,No,No,26,Female,Full-time,No,0,0,0,1,0
447,2.64,18,Yes,Yes,20,Female,Full-time,No,1,1,0,1,0
448,3.04,12,No,No,33,Female,Full-time,No,0,0,0,1,0
449,2.54,16,No,Yes,32,Male,Full-time,No,0,1,1,1,0
450,2.57,9,No,No,23,Female,Full-time,Yes,0,0,0,1,1
451,3.85,6,No,No,20,Female,Part-time,No,0,0,0,0,0
452,2.53,16,Yes,No,21,Male,Full-time,No,1,0,1,1,0
453,3.29,18,No,No,20,Female,Full-time,No,0,0,0,1,0
454,3.12,14,Yes,No,20,Male,Full-time,Yes,1,0,1,1,1
455,2.98,17,Yes,No,21,Male,Full-time,No,1,0,1,1,0
456,3.27,12,No,Yes,21,Male,Part-time,No,0,1,1,0,0
457,2.73,13,No,No,21,Female,Full-time,No,0,0,0,1,0
458,2.71,18,No,Yes,19,Male,Full-time,No,0,1,1,1,0
459,2.29,11,No,No,18,Male,Full-time,No,0,0,1,1,0
460,2.34,14,Yes,No,33,Male,Full-time,No,1,0,1,1,0
461,3.47,6,No,No,18,Male,Part-time,No,0,0,1,0,0
462,2.62,5,No,No,19,Male,Part-time,No,0,0,1,0,0
463,2.62,12,No,No,18,Female,Full-time,No,0,0,0,1,0
464,2.64,16,No,No,21,Male,Full-time,No,0,0,1,1,0
465,2.14,7,No,No,19,Female,Part-time,No,0,0,0,0,0
466,3.06,8,No,No,18,Male,Full-time,No,0,0,1,1,0
467,2.83,17,Yes,Yes,20,Male,Full-time,No,1,1,1,1,0
468,3.35,7,No,No,19,Male,Part-time,No,0,0,1,0,0
469,3.33,8,No,No,20,Female,Full-time,Yes,0,0,0,1,1
470,2.16,18,Yes,Yes,20,Male,Part-time,No,1,1,1,0,0
471,2.41,8,Yes,Yes,19,Female,Full-time,No,1,1,0,1,0
472,2.51,10,Yes,No,18,Female,Full-time,Yes,1,0,0,1,1
473,2.86,9,No,No,19,Male,Full-time,No,0,0,1,1,0
474,3.12,16,No,No,19,Male,Full-time,No,0,0,1,1,0
475,3.38,7,No,No,20,Female,Part-time,No,0,0,0,0,0
476,2.82,9,No,Yes,18,Female,Full-time,No,0,1,0,1,0
477,3.04,12,No,No,19,Female,Full-time,No,0,0,0,1,0
478,3.62,7,No,No,27,Female,Part-time,No,0,0,0,0,0
479,2.74,13,Yes,No,24,Male,Full-time,Yes,1,0,1,1,1
480,3.02,12,No,No,28,Male,Part-time,No,0,0,1,0,0
481,2.56,15,No,Yes,27,Male,Full-time,No,0,1,1,1,0
482,3.48,11,No,No,24,Male,Full-time,No,0,0,1,1,0
483,2.64,17,Yes,Yes,29,Male,Full-time,Yes,1,1,1,1,1
484,2.63,10,No,No,34,Male,Full-time,No,0,0,1,1,0
485,2.11,8,Yes,No,26,Male,Full-time,No,1,0,1,1,0
486,3.03,16,Yes,Yes,31,Female,Full-time,No,1,1,0,1,0
487,2.33,8,Yes,No,32,Female,Full-time,Yes,1,0,0,1,1
488,1.93,16,Yes,Yes,19,Male,Full-time,Yes,1,1,1,1,1
489,2.94,18,No,No,19,Male,Full-time,No,0,0,1,1,0
490,3.81,18,No,No,19,Female,Full-time,No,0,0,0,1,0
491,3.54,12,No,No,19,Male,Full-time,No,0,0,1,1,0
492,2.58,13,Yes,No,36,Male,Full-time,No,1,0,1,1,0
493,2.79,12,No,Yes,20,Female,Full-time,No,0,1,0,1,0
494,2.75,17,No,Yes,19,Female,Full-time,No,0,1,0,1,0
495,2.53,13,No,No,18,Female,Full-time,No,0,0,0,1,0
496,3.08,11,Yes,Yes,18,Male,Full-time,Yes,1,1,1,1,1
497,2.78,14,Yes,Yes,18,Female,Full-time,No,1,1,0,1,0
498,3.23,15,No,Yes,18,Female,Full-time,Yes,0,1,0,1,1
499,3.17,10,No,Yes,29,Female,Part-time,No,0,1,0,0,0
500,2.48,12,No,No,20,Male,Part-time,No,0,0,1,0,0
501,3.27,10,Yes,No,18,Female,Full-time,Yes,1,0,0,1,1
502,2.57,12,Yes,No,19,Female,Full-time,Yes,1,0,0,1,1
503,3.64,13,Yes,No,19,Female,Full-time,Yes,1,0,0,1,1
504,3.03,14,No,No,20,Male,Full-time,No,0,0,1,1,0
505,2.77,13,No,No,20,Female,Full-time,No,0,0,0,1,0
506,2.85,15,No,No,18,Male,Full-time,No,0,0,1,1,0
507,2.91,17,Yes,No,18,Female,Full-time,Yes,1,0,0,1,1
508,2.93,9,Yes,No,18,Female,Full-time,Yes,1,0,0,1,1
509,3.17,12,Yes,No,20,Male,Full-time,Yes,1,0,1,1,1
510,3.45,9,No,No,20,Female,Full-time,No,0,0,0,1,0
511,2.64,16,No,No,18,Female,Full-time,No,0,0,0,1,0
512,3.02,18,Yes,No,20,Female,Full-time,Yes,1,0,0,1,1
513,2.91,16,Yes,No,20,Female,Full-time,Yes,1,0,0,1,1
514,2.31,17,No,No,20,Male,Full-time,No,0,0,1,1,0
515,2.7,15,Yes,No,20,Male,Full-time,Yes,1,0,1,1,1
516,3.24,6,No,No,18,Female,Part-time,No,0,0,0,0,0
517,3.08,13,No,No,18,Male,Full-time,No,0,0,1,1,0
518,3.12,13,No,No,19,Male,Full-time,No,0,0,1,1,0
519,2.59,13,Yes,Yes,18,Male,Full-time,No,1,1,1,1,0
520,2.86,9,Yes,Yes,20,Male,Full-time,No,1,1,1,1,0
521,2.72,16,No,No,29,Male,Full-time,No,0,0,1,1,0
522,3.78,8,No,No,18,Male,Full-time,No,0,0,1,1,0
523,3.4,12,No,No,20,Male,Full-time,No,0,0,1,1,0
524,3.46,11,No,No,19,Male,Part-time,No,0,0,1,0,0
525,2.77,14,Yes,No,19,Male,Full-time,Yes,1,0,1,1,1
526,2.11,13,No,No,20,Female,Full-time,No,0,0,0,1,0
527,2.86,14,Yes,No,19,Male,Full-time,Yes,1,0,1,1,1
528,2.33,10,No,No,18,Male,Full-time,Yes,0,0,1,1,1
529,3.64,12,Yes,Yes,19,Male,Full-time,Yes,1,1,1,1,1
530,3.07,14,No,No,18,Female,Full-time,No,0,0,0,1,0
531,3.23,12,No,No,20,Female,Full-time,No,0,0,0,1,0
532,2.63,12,No,No,18,Female,Full-time,No,0,0,0,1,0
533,2.41,7,No,No,19,Female,Part-time,No,0,0,0,0,0
534,3.58,13,No,No,20,Male,Full-time,No,0,0,1,1,0
535,3.42,5,No,No,20,Male,Part-time,No,0,0,1,0,0
536,2.69,15,Yes,No,20,Female,Full-time,Yes,1,0,0,1,1
537,2.99,11,No,No,19,Female,Full-time,Yes,0,0,0,1,1
538,2.79,11,Yes,No,20,Female,Full-time,Yes,1,0,0,1,1
539,2.83,9,Yes,No,19,Male,Full-time,No,1,0,1,1,0
540,3.64,11,No,No,19,Female,Full-time,No,0,0,0,1,0
541,2.75,6,Yes,No,20,Male,Part-time,Yes,1,0,1,0,1
542,2.11,12,No,No,19,Female,Full-time,Yes,0,0,0,1,1
543,2.65,18,No,No,20,Female,Full-time,No,0,0,0,1,0
544,3.58,11,No,No,19,Female,Full-time,No,0,0,0,1,0
545,3.47,18,No,No,22,Male,Part-time,No,0,0,1,0,0
546,3.68,12,No,No,33,Female,Part-time,Yes,0,0,0,0,1
547,3.7,16,Yes,Yes,35,Female,Part-time,No,1,1,0,0,0
548,3.19,9,No,Yes,28,Male,Full-time,No,0,1,1,1,0
549,2.87,6,Yes,No,32,Male,Part-time,No,1,0,1,0,0
550,3.61,16,No,Yes,25,Male,Full-time,No,0,1,1,1,0
551,3.2,18,Yes,No,27,Female,Full-time,Yes,1,0,0,1,1
552,2.88,14,No,No,27,Male,Full-time,No,0,0,1,1,0
553,2.79,17,No,Yes,38,Male,Full-time,Yes,0,1,1,1,1
554,3.19,12,Yes,No,28,Female,Full-time,No,1,0,0,1,0
555,2.66,13,Yes,No,38,Male,Full-time,Yes,1,0,1,1,1
556,2.19,8,Yes,No,32,Male,Full-time,Yes,1,0,1,1,1
557,2.13,11,Yes,No,22,Female,Full-time,Yes,1,0,0,1,1
558,3.15,14,Yes,No,35,Male,Part-time,Yes,1,0,1,0,1
559,2.41,6,Yes,Yes,37,Female,Part-time,No,1,1,0,0,0
560,2.84,5,Yes,No,29,Male,Part-time,Yes,1,0,1,0,1
561,2.85,12,No,No,27,Male,Full-time,No,0,0,1,1,0
562,3.03,16,Yes,No,35,Male,Full-time,Yes,1,0,1,1,1
563,3.17,7,Yes,No,34,Male,Part-time,Yes,1,0,1,0,1
564,2.57,8,Yes,No,19,Female,Full-time,Yes,1,0,0,1,1
565,3.01,7,No,No,19,Female,Part-time,No,0,0,0,0,0
566,3.01,7,No,No,18,Female,Part-time,No,0,0,0,0,0
567,2.81,18,No,No,20,Male,Part-time,No,0,0,1,0,0
568,2.82,6,Yes,No,19,Male,Part-time,Yes,1,0,1,0,1
569,3.02,13,Yes,No,18,Female,Full-time,Yes,1,0,0,1,1
570,2.46,9,Yes,No,18,Male,Full-time,Yes,1,0,1,1,1
571,2.63,7,Yes,No,20,Female,Part-time,Yes,1,0,0,0,1
572,2.96,8,Yes,No,19,Male,Full-time,No,1,0,1,1,0
573,2.57,7,Yes,No,19,Female,Part-time,No,1,0,0,0,0
574,2.24,14,Yes,No,18,Male,Full-time,Yes,1,0,1,1,1
575,2.62,17,Yes,Yes,20,Female,Full-time,No,1,1,0,1,0
576,3.59,14,No,No,19,Male,Full-time,No,0,0,1,1,0
577,3.53,16,No,No,30,Female,Full-time,No,0,0,0,1,0
578,3.8,13,Yes,No,18,Female,Full-time,Yes,1,0,0,1,1
579,3.07,15,No,No,19,Female,Full-time,Yes,0,0,0,1,1
580,2.94,6,No,No,19,Male,Part-time,No,0,0,1,0,0
581,3.68,13,Yes,No,18,Male,Full-time,Yes,1,0,1,1,1
582,2.55,16,No,No,19,Female,Full-time,Yes,0,0,0,1,1
583,3.4,17,Yes,No,20,Female,Full-time,Yes,1,0,0,1,1
584,3.43,14,No,No,18,Male,Full-time,No,0,0,1,1,0
585,2.71,10,No,No,20,Female,Full-time,No,0,0,0,1,0
586,2.21,18,Yes,Yes,19,Male,Part-time,No,1,1,1,0,0
587,3.33,18,Yes,No,19,Female,Full-time,Yes,1,0,0,1,1
588,2.96,5,Yes,No,19,Male,Part-time,Yes,1,0,1,0,1
589,3.1,16,No,No,19,Male,Full-time,No,0,0,1,1,0
590,3.88,16,No,No,20,Male,Full-time,No,0,0,1,1,0
591,3.6,9,Yes,No,19,Male,Part-time,Yes,1,0,1,0,1
592,3.76,11,Yes,No,18,Male,Full-time,Yes,1,0,1,1,1
593,3.03,12,No,No,18,Male,Full-time,No,0,0,1,1,0
594,3.56,17,Yes,No,18,Male,Full-time,Yes,1,0,1,1,1
595,3.96,16,Yes,No,20,Male,Full-time,Yes,1,0,1,1,1
596,3.07,10,Yes,No,18,Female,Full-time,Yes,1,0,0,1,1
597,3.21,9,Yes,No,20,Male,Full-time,Yes,1,0,1,1,1
598,3.32,16,No,No,20,Female,Full-time,No,0,0,0,1,0
599,3.06,9,No,No,18,Female,Full-time,No,0,0,0,1,0
600,2.69,18,Yes,Yes,18,Female,Full-time,No,1,1,0,1,0
